dmu,AcomeA_PMITALIA_ESG_A1,Schroder_International_Selection_Fund_Italian_Equity_C_Accumulation_EUR,Symphonia_Azionario_Small_Cap_Italia,Algebris_Core_Italy_R_EUR_Acc,Allianz_Azioni_Italia_All_Stars_A,Amundi_Impegno_Italia_B,Amundi_Sviluppo_Attivo_Italia_A,Anima_Iniziativa_Italia_A,Anima_Italia_A,Arca_Azioni_Italia_P,Azimut_Trend_Italia,Bnl_Azioni_Italia,Eurizon_Azioni_Italia_R,Fidelity_Funds_-_Italy_Fund_A-acc-eur,Fideuram_Italia_R,Mediolanum_Challenge_Italian_Equity_Fund_L_Acc,Mediolanum_Flessibile_Futuro_Italia_La,Zenit_Pianeta_Italia_R,Schroder_International_Selection_Fund_Italian_Equity_A_Accumulation_Eur,Investimenti_Azionari_Italia_A,Interfund_Equity_Italy,Fonditalia_Equity_Italy_R,Pictet-eur_Government_Bonds_I,AMUNDI_EURO_GOVERNMENT_BOND_-_AE_©,Anima_Tricolore_A,JPMorgan_Funds_-_EU_Government_Bond_Fund_D_(acc),BlueBay_Funds_-_BlueBay_Investment_Grade_Euro_Government_Bond_Fund_R_EUR_Acc,Dws_Invest_Euro-gov_Bonds_Nc,Bnp_Paribas_Funds_Euro_Government_Bond_Privl_Capitalisation,DPAM_B_Bonds_Eur_Govt_W_Cap,Epsilon_Fund_-_Euro_Bond_Class_Unit_R_Eur_Accumulation,Euromobiliare_Reddito_A,Generali_Investments_Sicav_-_Euro_Bond_Fund_Dx,Hsbc_Euro_Gvt_Bond_Fund_Hc,Ishares_Euro_Government_Bond_Index_Fund_(lu)_F2_Eur,Jpmorgan_Funds_-_Eu_Government_Bond_Fund_A_(acc)_-_Eur,Generali_Investments_Sicav_-_Euro_Bond_Fund_Ex,Investimenti_Bilanciati_Internazionali_C,Anima_Visconteo_Plus_A,Anima_Visconteo_Plus_AD,Arca_Economia_Reale_Bilan_Italia_55_PIR,Azimut_Dinamico,Carmignac_Portfolio_Patrimoine_Europe_A_EUR_Acc,Groupama_Bilanciato_-_NC,Eurizon_Bilanciato_Euro_Multimanager,Fideuram_Bilanciato,UBS_(Lux)_KSS_Eur_GrInc_€_P-acc,Fidelity_Funds_-_European_Multi_Asset_Income_Fund_A-Acc-EUR,Dpam_B_-_Balanced_Flexible_B,Groupama_Bilanciato_-_Ic,Investimenti_Bilanciati_Internazionali_A,Ubs_(lux)_Key_Selection_Sicav_-_European_Growth_And_Income_(eur)_Q-acc
AcomeA_PMITALIA_ESG_A1,0.0,0.047619464434204686,0.0,0.9523805355657954,0.0,0.0,0.0,0.0,0.0,0.0,0.0,0.0,0.0,0.0,0.0,0.0,0.0,0.0,0.0,0.0,0.0,0.0,0.0,0.0,0.0,0.0,0.0,0.0,0.0,0.0,0.0,0.0,0.0,0.0,0.0,0.0,0.0,0.0,0.0,0.0,0.0,0.0,0.0,0.0,0.0,0.0,0.0,0.0,0.0,0.0,0.0,0.0
Schroder_International_Selection_Fund_Italian_Equity_C_Accumulation_EUR,0.0,1.0,0.0,0.0,0.0,0.0,0.0,0.0,0.0,0.0,0.0,0.0,0.0,0.0,0.0,0.0,0.0,0.0,0.0,0.0,0.0,0.0,0.0,0.0,0.0,0.0,0.0,0.0,0.0,0.0,0.0,0.0,0.0,0.0,0.0,0.0,0.0,0.0,0.0,0.0,0.0,0.0,0.0,0.0,0.0,0.0,0.0,0.0,0.0,0.0,0.0,0.0
Symphonia_Azionario_Small_Cap_Italia,0.0,0.0,0.0,0.32213913384186565,0.0,0.0,0.0,0.0,0.0,0.0,0.0,0.0,0.0,0.0,0.0,0.0,0.0,0.0,0.0,0.0,0.0,0.0,0.0,0.0,0.5617324898574588,0.0,0.0,0.0,0.0,0.0,0.0,0.0,0.0,0.0,0.0,0.0,0.0,0.0,0.0,0.0,0.0,0.0,0.11612837630067552,0.0,0.0,0.0,0.0,0.0,0.0,0.0,0.0,0.0
Algebris_Core_Italy_R_EUR_Acc,0.0,0.0,0.0,1.0,0.0,0.0,0.0,0.0,0.0,0.0,0.0,0.0,0.0,0.0,0.0,0.0,0.0,0.0,0.0,0.0,0.0,0.0,0.0,0.0,0.0,0.0,0.0,0.0,0.0,0.0,0.0,0.0,0.0,0.0,0.0,0.0,0.0,0.0,0.0,0.0,0.0,0.0,0.0,0.0,0.0,0.0,0.0,0.0,0.0,0.0,0.0,0.0
Allianz_Azioni_Italia_All_Stars_A,0.0,0.6973685195022857,0.0,0.30263148049771416,0.0,0.0,0.0,0.0,0.0,0.0,0.0,0.0,0.0,0.0,0.0,0.0,0.0,0.0,0.0,0.0,0.0,0.0,0.0,0.0,0.0,0.0,0.0,0.0,0.0,0.0,0.0,0.0,0.0,0.0,0.0,0.0,0.0,0.0,0.0,0.0,0.0,0.0,0.0,0.0,0.0,0.0,0.0,0.0,0.0,0.0,0.0,0.0
Amundi_Impegno_Italia_B,0.0,0.2907493322789931,0.0,0.7092506677210069,0.0,0.0,0.0,0.0,0.0,0.0,0.0,0.0,0.0,0.0,0.0,0.0,0.0,0.0,0.0,0.0,0.0,0.0,0.0,0.0,0.0,0.0,0.0,0.0,0.0,0.0,0.0,0.0,0.0,0.0,0.0,0.0,0.0,0.0,0.0,0.0,0.0,0.0,0.0,0.0,0.0,0.0,0.0,0.0,0.0,0.0,0.0,0.0
Amundi_Sviluppo_Attivo_Italia_A,0.0,0.5165289079686465,0.0,0.4834710920313534,0.0,0.0,0.0,0.0,0.0,0.0,0.0,0.0,0.0,0.0,0.0,0.0,0.0,0.0,0.0,0.0,0.0,0.0,0.0,0.0,0.0,0.0,0.0,0.0,0.0,0.0,0.0,0.0,0.0,0.0,0.0,0.0,0.0,0.0,0.0,0.0,0.0,0.0,0.0,0.0,0.0,0.0,0.0,0.0,0.0,0.0,0.0,0.0
Anima_Iniziativa_Italia_A,0.0,0.012194992886506134,0.0,0.9878050071134938,0.0,0.0,0.0,0.0,0.0,0.0,0.0,0.0,0.0,0.0,0.0,0.0,0.0,0.0,0.0,0.0,0.0,0.0,0.0,0.0,0.0,0.0,0.0,0.0,0.0,0.0,0.0,0.0,0.0,0.0,0.0,0.0,0.0,0.0,0.0,0.0,0.0,0.0,0.0,0.0,0.0,0.0,0.0,0.0,0.0,0.0,0.0,0.0
Anima_Italia_A,0.0,0.059055167282530935,0.0,0.9409448327174691,0.0,0.0,0.0,0.0,0.0,0.0,0.0,0.0,0.0,0.0,0.0,0.0,0.0,0.0,0.0,0.0,0.0,0.0,0.0,0.0,0.0,0.0,0.0,0.0,0.0,0.0,0.0,0.0,0.0,0.0,0.0,0.0,0.0,0.0,0.0,0.0,0.0,0.0,0.0,0.0,0.0,0.0,0.0,0.0,0.0,0.0,0.0,0.0
Arca_Azioni_Italia_P,0.0,0.11363579774841269,0.0,0.8863642022515872,0.0,0.0,0.0,0.0,0.0,0.0,0.0,0.0,0.0,0.0,0.0,0.0,0.0,0.0,0.0,0.0,0.0,0.0,0.0,0.0,0.0,0.0,0.0,0.0,0.0,0.0,0.0,0.0,0.0,0.0,0.0,0.0,0.0,0.0,0.0,0.0,0.0,0.0,0.0,0.0,0.0,0.0,0.0,0.0,0.0,0.0,0.0,0.0
Azimut_Trend_Italia,0.0,0.7112067398024123,0.0,0.2887932601975878,0.0,0.0,0.0,0.0,0.0,0.0,0.0,0.0,0.0,0.0,0.0,0.0,0.0,0.0,0.0,0.0,0.0,0.0,0.0,0.0,0.0,0.0,0.0,0.0,0.0,0.0,0.0,0.0,0.0,0.0,0.0,0.0,0.0,0.0,0.0,0.0,0.0,0.0,0.0,0.0,0.0,0.0,0.0,0.0,0.0,0.0,0.0,0.0
Bnl_Azioni_Italia,0.0,0.6830361885426275,0.0,0.3169638114573725,0.0,0.0,0.0,0.0,0.0,0.0,0.0,0.0,0.0,0.0,0.0,0.0,0.0,0.0,0.0,0.0,0.0,0.0,0.0,0.0,0.0,0.0,0.0,0.0,0.0,0.0,0.0,0.0,0.0,0.0,0.0,0.0,0.0,0.0,0.0,0.0,0.0,0.0,0.0,0.0,0.0,0.0,0.0,0.0,0.0,0.0,0.0,0.0
Eurizon_Azioni_Italia_R,0.0,0.7112071883249889,0.0,0.2887928116750111,0.0,0.0,0.0,0.0,0.0,0.0,0.0,0.0,0.0,0.0,0.0,0.0,0.0,0.0,0.0,0.0,0.0,0.0,0.0,0.0,0.0,0.0,0.0,0.0,0.0,0.0,0.0,0.0,0.0,0.0,0.0,0.0,0.0,0.0,0.0,0.0,0.0,0.0,0.0,0.0,0.0,0.0,0.0,0.0,0.0,0.0,0.0,0.0
Fidelity_Funds_-_Italy_Fund_A-acc-eur,0.0,0.0,0.0,0.6522987015649476,0.0,0.0,0.0,0.0,0.0,0.0,0.0,0.0,0.0,0.0,0.0,0.0,0.0,0.0,0.0,0.0,0.0,0.0,0.0,0.0,0.0,0.0,0.0,0.0,0.0,0.0,0.0,0.0,0.0,0.0,0.0,0.0,0.0,0.0,0.0,0.0,0.0,0.0,0.3477012984350524,0.0,0.0,0.0,0.0,0.0,0.0,0.0,0.0,0.0
Fideuram_Italia_R,0.0,0.37037057928961775,0.0,0.6296294207103822,0.0,0.0,0.0,0.0,0.0,0.0,0.0,0.0,0.0,0.0,0.0,0.0,0.0,0.0,0.0,0.0,0.0,0.0,0.0,0.0,0.0,0.0,0.0,0.0,0.0,0.0,0.0,0.0,0.0,0.0,0.0,0.0,0.0,0.0,0.0,0.0,0.0,0.0,0.0,0.0,0.0,0.0,0.0,0.0,0.0,0.0,0.0,0.0
Mediolanum_Challenge_Italian_Equity_Fund_L_Acc,0.0,0.3630574796451574,0.0,0.6369425203548426,0.0,0.0,0.0,0.0,0.0,0.0,0.0,0.0,0.0,0.0,0.0,0.0,0.0,0.0,0.0,0.0,0.0,0.0,0.0,0.0,0.0,0.0,0.0,0.0,0.0,0.0,0.0,0.0,0.0,0.0,0.0,0.0,0.0,0.0,0.0,0.0,0.0,0.0,0.0,0.0,0.0,0.0,0.0,0.0,0.0,0.0,0.0,0.0
Mediolanum_Flessibile_Futuro_Italia_La,0.0,0.2232554674084271,0.0,0.776744532591573,0.0,0.0,0.0,0.0,0.0,0.0,0.0,0.0,0.0,0.0,0.0,0.0,0.0,0.0,0.0,0.0,0.0,0.0,0.0,0.0,0.0,0.0,0.0,0.0,0.0,0.0,0.0,0.0,0.0,0.0,0.0,0.0,0.0,0.0,0.0,0.0,0.0,0.0,0.0,0.0,0.0,0.0,0.0,0.0,0.0,0.0,0.0,0.0
Zenit_Pianeta_Italia_R,0.0,0.5161286505019493,0.0,0.4838713494980507,0.0,0.0,0.0,0.0,0.0,0.0,0.0,0.0,0.0,0.0,0.0,0.0,0.0,0.0,0.0,0.0,0.0,0.0,0.0,0.0,0.0,0.0,0.0,0.0,0.0,0.0,0.0,0.0,0.0,0.0,0.0,0.0,0.0,0.0,0.0,0.0,0.0,0.0,0.0,0.0,0.0,0.0,0.0,0.0,0.0,0.0,0.0,0.0
Schroder_International_Selection_Fund_Italian_Equity_A_Accumulation_Eur,0.0,0.0,0.0,0.6231882811357596,0.0,0.0,0.0,0.0,0.0,0.0,0.0,0.0,0.0,0.0,0.0,0.0,0.0,0.0,0.0,0.0,0.0,0.0,0.0,0.0,0.0,0.0,0.0,0.0,0.0,0.0,0.0,0.0,0.0,0.0,0.0,0.0,0.0,0.0,0.0,0.0,0.0,0.0,0.3768117188642405,0.0,0.0,0.0,0.0,0.0,0.0,0.0,0.0,0.0
Investimenti_Azionari_Italia_A,0.0,0.6973687335248996,0.0,0.3026312664751003,0.0,0.0,0.0,0.0,0.0,0.0,0.0,0.0,0.0,0.0,0.0,0.0,0.0,0.0,0.0,0.0,0.0,0.0,0.0,0.0,0.0,0.0,0.0,0.0,0.0,0.0,0.0,0.0,0.0,0.0,0.0,0.0,0.0,0.0,0.0,0.0,0.0,0.0,0.0,0.0,0.0,0.0,0.0,0.0,0.0,0.0,0.0,0.0
Interfund_Equity_Italy,0.0,0.0,0.0,0.5444918013760018,0.0,0.0,0.0,0.0,0.0,0.0,0.0,0.0,0.0,0.0,0.0,0.0,0.0,0.0,0.0,0.0,0.0,0.0,0.0,0.0,0.0,0.0,0.0,0.0,0.0,0.0,0.0,0.0,0.0,0.0,0.0,0.0,0.0,0.0,0.0,0.0,0.0,0.0,0.45550819862399816,0.0,0.0,0.0,0.0,0.0,0.0,0.0,0.0,0.0
Fonditalia_Equity_Italy_R,0.0,0.1136362556483149,0.0,0.8863637443516851,0.0,0.0,0.0,0.0,0.0,0.0,0.0,0.0,0.0,0.0,0.0,0.0,0.0,0.0,0.0,0.0,0.0,0.0,0.0,0.0,0.0,0.0,0.0,0.0,0.0,0.0,0.0,0.0,0.0,0.0,0.0,0.0,0.0,0.0,0.0,0.0,0.0,0.0,0.0,0.0,0.0,0.0,0.0,0.0,0.0,0.0,0.0,0.0
Pictet-eur_Government_Bonds_I,0.0,0.0,0.0,0.0,0.0,0.0,0.0,0.0,0.0,0.0,0.0,0.0,0.0,0.0,0.0,0.0,0.0,0.0,0.0,0.0,0.0,0.0,1.0,0.0,0.0,0.0,0.0,0.0,0.0,0.0,0.0,0.0,0.0,0.0,0.0,0.0,0.0,0.0,0.0,0.0,0.0,0.0,0.0,0.0,0.0,0.0,0.0,0.0,0.0,0.0,0.0,0.0
AMUNDI_EURO_GOVERNMENT_BOND_-_AE_©,0.0,0.0,0.0,0.0,0.0,0.0,0.0,0.0,0.0,0.0,0.0,0.0,0.0,0.0,0.0,0.0,0.0,0.0,0.0,0.0,0.0,0.0,0.43076890238370946,0.0,0.0,0.5692310976162905,0.0,0.0,0.0,0.0,0.0,0.0,0.0,0.0,0.0,0.0,0.0,0.0,0.0,0.0,0.0,0.0,0.0,0.0,0.0,0.0,0.0,0.0,0.0,0.0,0.0,0.0
Anima_Tricolore_A,0.0,0.0,0.0,0.0,0.0,0.0,0.0,0.0,0.0,0.0,0.0,0.0,0.0,0.0,0.0,0.0,0.0,0.0,0.0,0.0,0.0,0.0,0.0,0.0,1.0,0.0,0.0,0.0,0.0,0.0,0.0,0.0,0.0,0.0,0.0,0.0,0.0,0.0,0.0,0.0,0.0,0.0,0.0,0.0,0.0,0.0,0.0,0.0,0.0,0.0,0.0,0.0
JPMorgan_Funds_-_EU_Government_Bond_Fund_D_(acc),0.0,0.0,0.0,0.0,0.0,0.0,0.0,0.0,0.0,0.0,0.0,0.0,0.0,0.0,0.0,0.0,0.0,0.0,0.0,0.0,0.0,0.0,0.0,0.0,0.0,1.0,0.0,0.0,0.0,0.0,0.0,0.0,0.0,0.0,0.0,0.0,0.0,0.0,0.0,0.0,0.0,0.0,0.0,0.0,0.0,0.0,0.0,0.0,0.0,0.0,0.0,0.0
BlueBay_Funds_-_BlueBay_Investment_Grade_Euro_Government_Bond_Fund_R_EUR_Acc,0.0,0.0,0.0,0.0,0.0,0.0,0.0,0.0,0.0,0.0,0.0,0.0,0.0,0.0,0.0,0.0,0.0,0.0,0.0,0.0,0.0,0.0,0.0,0.0,0.0,0.8926943224617085,0.0,0.0,0.0,0.0,0.0,0.0,0.0,0.0,0.0,0.0,0.0,0.0,0.0,0.0,0.0,0.0,0.10730567753829151,0.0,0.0,0.0,0.0,0.0,0.0,0.0,0.0,0.0
Dws_Invest_Euro-gov_Bonds_Nc,0.0,0.0,0.0,0.0,0.0,0.0,0.0,0.0,0.0,0.0,0.0,0.0,0.0,0.0,0.0,0.0,0.0,0.0,0.0,0.0,0.0,0.0,0.0,0.0,0.0,0.0,0.0,0.0,0.0,0.0,0.0,0.0,0.0,0.8888885354016578,0.0,0.0,0.0,0.0,0.0,0.0,0.0,0.0,0.11111146459834217,0.0,0.0,0.0,0.0,0.0,0.0,0.0,0.0,0.0
Bnp_Paribas_Funds_Euro_Government_Bond_Privl_Capitalisation,0.0,0.0,0.0,0.0,0.0,0.0,0.0,0.0,0.0,0.0,0.0,0.0,0.0,0.0,0.0,0.0,0.0,0.0,0.0,0.0,0.0,0.0,0.0,0.0,0.0,0.994444946255984,0.0,0.0,0.0,0.0,0.0,0.0,0.0,0.0,0.0,0.0,0.0,0.0,0.0,0.0,0.0,0.0,0.005555053744015897,0.0,0.0,0.0,0.0,0.0,0.0,0.0,0.0,0.0
DPAM_B_Bonds_Eur_Govt_W_Cap,0.0,0.0,0.0,0.0,0.0,0.0,0.0,0.0,0.0,0.0,0.0,0.0,0.0,0.0,0.0,0.0,0.0,0.0,0.0,0.0,0.0,0.0,0.0,0.0,0.0,0.0,0.0,0.0,0.0,0.0,0.0,0.0,0.0,0.5714288278521092,0.0,0.0,0.0,0.0,0.0,0.0,0.0,0.0,0.42857117214789076,0.0,0.0,0.0,0.0,0.0,0.0,0.0,0.0,0.0
Epsilon_Fund_-_Euro_Bond_Class_Unit_R_Eur_Accumulation,0.0,0.0,0.0,0.0,0.0,0.0,0.0,0.0,0.0,0.0,0.0,0.0,0.0,0.0,0.0,0.0,0.0,0.0,0.0,0.0,0.0,0.0,0.0,0.0,0.0,0.0,0.0,0.0,0.0,0.0,1.0,0.0,0.0,0.0,0.0,0.0,0.0,0.0,0.0,0.0,0.0,0.0,0.0,0.0,0.0,0.0,0.0,0.0,0.0,0.0,0.0,0.0
Euromobiliare_Reddito_A,0.0,0.0,0.0,0.0,0.0,0.0,0.0,0.0,0.0,0.0,0.0,0.0,0.0,0.0,0.0,0.0,0.0,0.0,0.0,0.0,0.0,0.0,0.0,0.0,0.0,0.38157929132520363,0.0,0.0,0.0,0.0,0.5986844684939027,0.0,0.0,0.0,0.0,0.0,0.0,0.0,0.0,0.0,0.0,0.0,0.019736240180893753,0.0,0.0,0.0,0.0,0.0,0.0,0.0,0.0,0.0
Generali_Investments_Sicav_-_Euro_Bond_Fund_Dx,0.0,0.0,0.0,0.0,0.0,0.0,0.0,0.0,0.0,0.0,0.0,0.0,0.0,0.0,0.0,0.0,0.0,0.0,0.0,0.0,0.0,0.0,0.0,0.0,0.0,0.9021736950140745,0.0,0.0,0.0,0.0,0.0,0.0,0.0,0.0,0.0,0.0,0.0,0.0,0.0,0.0,0.0,0.0,0.09782630498592548,0.0,0.0,0.0,0.0,0.0,0.0,0.0,0.0,0.0
Hsbc_Euro_Gvt_Bond_Fund_Hc,0.0,0.0,0.0,0.0,0.0,0.0,0.0,0.0,0.0,0.0,0.0,0.0,0.0,0.0,0.0,0.0,0.0,0.0,0.0,0.0,0.0,0.0,0.0,0.0,0.0,0.0,0.0,0.0,0.0,0.0,0.0,0.0,0.0,1.0,0.0,0.0,0.0,0.0,0.0,0.0,0.0,0.0,0.0,0.0,0.0,0.0,0.0,0.0,0.0,0.0,0.0,0.0
Ishares_Euro_Government_Bond_Index_Fund_(lu)_F2_Eur,0.0,0.0,0.0,0.0,0.0,0.0,0.0,0.0,0.0,0.0,0.0,0.0,0.0,0.0,0.0,0.0,0.0,0.0,0.0,0.0,0.0,0.0,0.09090918855863704,0.0,0.0,0.909090811441363,0.0,0.0,0.0,0.0,0.0,0.0,0.0,0.0,0.0,0.0,0.0,0.0,0.0,0.0,0.0,0.0,0.0,0.0,0.0,0.0,0.0,0.0,0.0,0.0,0.0,0.0
Jpmorgan_Funds_-_Eu_Government_Bond_Fund_A_(acc)_-_Eur,0.0,0.0,0.0,0.0,0.0,0.0,0.0,0.0,0.0,0.0,0.0,0.0,0.0,0.0,0.0,0.0,0.0,0.0,0.0,0.0,0.0,0.0,0.0,0.0,0.0,0.9478023560267411,0.0,0.0,0.0,0.0,0.0,0.0,0.0,0.0,0.0,0.0,0.0,0.0,0.0,0.0,0.0,0.0,0.05219764397325879,0.0,0.0,0.0,0.0,0.0,0.0,0.0,0.0,0.0
Generali_Investments_Sicav_-_Euro_Bond_Fund_Ex,0.0,0.0,0.0,0.0,0.0,0.0,0.0,0.0,0.0,0.0,0.0,0.0,0.0,0.0,0.0,0.0,0.0,0.0,0.0,0.0,0.0,0.0,0.0,0.0,0.0,0.0,0.0,0.0,0.0,0.0,0.0,0.0,0.0,0.8888890365960818,0.0,0.0,0.0,0.0,0.0,0.0,0.0,0.0,0.11111096340391817,0.0,0.0,0.0,0.0,0.0,0.0,0.0,0.0,0.0
Investimenti_Bilanciati_Internazionali_C,0.0,0.07031226344497649,0.0,0.9296877365550236,0.0,0.0,0.0,0.0,0.0,0.0,0.0,0.0,0.0,0.0,0.0,0.0,0.0,0.0,0.0,0.0,0.0,0.0,0.0,0.0,0.0,0.0,0.0,0.0,0.0,0.0,0.0,0.0,0.0,0.0,0.0,0.0,0.0,0.0,0.0,0.0,0.0,0.0,0.0,0.0,0.0,0.0,0.0,0.0,0.0,0.0,0.0,0.0
Anima_Visconteo_Plus_A,0.0,0.0,0.0,0.4153843468750182,0.0,0.0,0.0,0.0,0.0,0.0,0.0,0.0,0.0,0.0,0.0,0.0,0.0,0.0,0.0,0.0,0.0,0.0,0.0,0.0,0.0,0.0,0.0,0.0,0.0,0.0,0.0,0.0,0.0,0.0,0.0,0.0,0.0,0.0,0.0,0.0,0.0,0.0,0.5846156531249818,0.0,0.0,0.0,0.0,0.0,0.0,0.0,0.0,0.0
Anima_Visconteo_Plus_AD,0.0,0.0,0.0,0.4103675214966829,0.0,0.0,0.0,0.0,0.0,0.0,0.0,0.0,0.0,0.0,0.0,0.0,0.0,0.0,0.0,0.0,0.0,0.0,0.0,0.0,0.023427228627990265,0.0,0.0,0.0,0.0,0.0,0.0,0.0,0.0,0.0,0.0,0.0,0.0,0.0,0.0,0.0,0.0,0.0,0.5662052498753267,0.0,0.0,0.0,0.0,0.0,0.0,0.0,0.0,0.0
Arca_Economia_Reale_Bilan_Italia_55_PIR,0.0,0.0,0.0,0.5223874896641543,0.0,0.0,0.0,0.0,0.0,0.0,0.0,0.0,0.0,0.0,0.0,0.0,0.0,0.0,0.0,0.0,0.0,0.0,0.0,0.0,0.0,0.0,0.0,0.0,0.0,0.0,0.0,0.0,0.0,0.0,0.0,0.0,0.0,0.0,0.0,0.0,0.0,0.0,0.4776125103358458,0.0,0.0,0.0,0.0,0.0,0.0,0.0,0.0,0.0
Azimut_Dinamico,0.0,0.0,0.0,0.4718753663377543,0.0,0.0,0.0,0.0,0.0,0.0,0.0,0.0,0.0,0.0,0.0,0.0,0.0,0.0,0.0,0.0,0.0,0.0,0.0,0.0,0.1768203701981963,0.0,0.0,0.0,0.0,0.0,0.0,0.0,0.0,0.0,0.0,0.0,0.0,0.0,0.0,0.0,0.0,0.0,0.35130426346404936,0.0,0.0,0.0,0.0,0.0,0.0,0.0,0.0,0.0
Carmignac_Portfolio_Patrimoine_Europe_A_EUR_Acc,0.0,0.0,0.0,0.0,0.0,0.0,0.0,0.0,0.0,0.0,0.0,0.0,0.0,0.0,0.0,0.0,0.0,0.0,0.0,0.0,0.0,0.0,0.0,0.0,0.0,0.0,0.0,0.0,0.0,0.0,0.0,0.0,0.0,0.0,0.0,0.0,0.0,0.0,0.0,0.0,0.0,0.0,1.0,0.0,0.0,0.0,0.0,0.0,0.0,0.0,0.0,0.0
Groupama_Bilanciato_-_NC,0.0,0.0,0.0,0.09124603656479796,0.0,0.0,0.0,0.0,0.0,0.0,0.0,0.0,0.0,0.0,0.0,0.0,0.0,0.0,0.0,0.0,0.0,0.0,0.0,0.0,0.2977939688322202,0.0,0.0,0.0,0.0,0.0,0.0,0.0,0.0,0.0,0.0,0.0,0.0,0.0,0.0,0.0,0.0,0.0,0.6109599946029819,0.0,0.0,0.0,0.0,0.0,0.0,0.0,0.0,0.0
Eurizon_Bilanciato_Euro_Multimanager,0.0,0.0,0.0,0.5964922132012525,0.0,0.0,0.0,0.0,0.0,0.0,0.0,0.0,0.0,0.0,0.0,0.0,0.0,0.0,0.0,0.0,0.0,0.0,0.0,0.0,0.23684144284743372,0.0,0.0,0.0,0.0,0.0,0.0,0.0,0.0,0.0,0.0,0.0,0.0,0.0,0.0,0.0,0.0,0.0,0.16666634395131388,0.0,0.0,0.0,0.0,0.0,0.0,0.0,0.0,0.0
Fideuram_Bilanciato,0.0,0.0,0.0,0.6475709582124126,0.0,0.0,0.0,0.0,0.0,0.0,0.0,0.0,0.0,0.0,0.0,0.0,0.0,0.0,0.0,0.0,0.0,0.0,0.0,0.0,0.22458323030673727,0.0,0.0,0.0,0.0,0.0,0.0,0.0,0.0,0.0,0.0,0.0,0.0,0.0,0.0,0.0,0.0,0.0,0.12784581148085006,0.0,0.0,0.0,0.0,0.0,0.0,0.0,0.0,0.0
UBS_(Lux)_KSS_Eur_GrInc_€_P-acc,0.0,0.0,0.0,0.3162053577473398,0.0,0.0,0.0,0.0,0.0,0.0,0.0,0.0,0.0,0.0,0.0,0.0,0.0,0.0,0.0,0.0,0.0,0.0,0.0,0.0,0.0,0.0,0.0,0.0,0.0,0.0,0.0,0.0,0.0,0.0,0.0,0.0,0.0,0.0,0.0,0.0,0.0,0.0,0.6837946422526602,0.0,0.0,0.0,0.0,0.0,0.0,0.0,0.0,0.0
Fidelity_Funds_-_European_Multi_Asset_Income_Fund_A-Acc-EUR,0.0,0.0,0.0,0.03741567909533206,0.0,0.0,0.0,0.0,0.0,0.0,0.0,0.0,0.0,0.0,0.0,0.0,0.0,0.0,0.0,0.0,0.0,0.0,0.0,0.0,0.0,0.0,0.0,0.0,0.0,0.0,0.0,0.0,0.0,0.0,0.0,0.0,0.0,0.0,0.0,0.0,0.0,0.0,0.962584320904668,0.0,0.0,0.0,0.0,0.0,0.0,0.0,0.0,0.0
Dpam_B_-_Balanced_Flexible_B,0.0,0.0,0.0,0.41398070388259933,0.0,0.0,0.0,0.0,0.0,0.0,0.0,0.0,0.0,0.0,0.0,0.0,0.0,0.0,0.0,0.0,0.0,0.0,0.0,0.0,0.07985669397125514,0.0,0.0,0.0,0.0,0.0,0.0,0.0,0.0,0.0,0.0,0.0,0.0,0.0,0.0,0.0,0.0,0.0,0.5061626021461456,0.0,0.0,0.0,0.0,0.0,0.0,0.0,0.0,0.0
Groupama_Bilanciato_-_Ic,0.0,0.0,0.0,0.09124578788905946,0.0,0.0,0.0,0.0,0.0,0.0,0.0,0.0,0.0,0.0,0.0,0.0,0.0,0.0,0.0,0.0,0.0,0.0,0.0,0.0,0.297793751121568,0.0,0.0,0.0,0.0,0.0,0.0,0.0,0.0,0.0,0.0,0.0,0.0,0.0,0.0,0.0,0.0,0.0,0.6109604609893724,0.0,0.0,0.0,0.0,0.0,0.0,0.0,0.0,0.0
Investimenti_Bilanciati_Internazionali_A,0.0,0.09230833732039716,0.0,0.9076916626796029,0.0,0.0,0.0,0.0,0.0,0.0,0.0,0.0,0.0,0.0,0.0,0.0,0.0,0.0,0.0,0.0,0.0,0.0,0.0,0.0,0.0,0.0,0.0,0.0,0.0,0.0,0.0,0.0,0.0,0.0,0.0,0.0,0.0,0.0,0.0,0.0,0.0,0.0,0.0,0.0,0.0,0.0,0.0,0.0,0.0,0.0,0.0,0.0
Ubs_(lux)_Key_Selection_Sicav_-_European_Growth_And_Income_(eur)_Q-acc,0.0,0.0,0.0,0.31620533664575057,0.0,0.0,0.0,0.0,0.0,0.0,0.0,0.0,0.0,0.0,0.0,0.0,0.0,0.0,0.0,0.0,0.0,0.0,0.0,0.0,0.0,0.0,0.0,0.0,0.0,0.0,0.0,0.0,0.0,0.0,0.0,0.0,0.0,0.0,0.0,0.0,0.0,0.0,0.6837946633542495,0.0,0.0,0.0,0.0,0.0,0.0,0.0,0.0,0.0
